{
    "Avg Train MSE": -1880.4526219057566,
    "Avg Test MSE": -15357.697993839392,
    "Train MSE": [
        -746.5024016716714,
        -1277.520417157223,
        -1861.701290379495,
        -2029.2307003201906,
        -3487.3083000002043
    ],
    "Test MSE": [
        -17976.569960127763,
        -15011.47030860437,
        -6894.214233399726,
        -18686.62544407867,
        -18219.61002298644
    ],
    "Avg Train R\u00b2": 0.9273334160505844,
    "Avg Test R\u00b2": 0.45565076042255115,
    "Train R\u00b2": [
        0.9700925959532646,
        0.9496064843443642,
        0.9298157716172298,
        0.9158623695172682,
        0.8712898588207953
    ],
    "Test R\u00b2": [
        0.29718747599999085,
        0.4788730993936261,
        0.5634026194567091,
        0.5206247305045868,
        0.4181658767578428
    ],
    "Avg Train MAE": -25.361407896848405,
    "Avg Test MAE": -68.46373713689233,
    "Train MAE": [
        -15.474737109713146,
        -22.787757680899315,
        -27.629768970063278,
        -27.963743764493923,
        -32.95103195907235
    ],
    "Test MAE": [
        -77.22549457133229,
        -68.41878673505582,
        -49.52059137705561,
        -73.874989591162,
        -73.2788234098559
    ]
}