Model,MAE,SMAPE,RMSE,R2
VAR,0.5617070043870857,14.28538776729391,0.7533569616290134,0.5380908900993049
