{
    "Avg Train MSE": -0.37679221721784306,
    "Avg Test MSE": -0.5552802022744769,
    "Train MSE": [
        -0.28683117634981475,
        -0.3741745548010085,
        -0.37759824306392026,
        -0.3862998608544851,
        -0.4590572510199868
    ],
    "Test MSE": [
        -0.705441792970339,
        -0.40283319329679196,
        -0.4371236519067408,
        -0.7925034618635295,
        -0.4384989113349834
    ],
    "Avg Train R\u00b2": 0.6408789839047424,
    "Avg Test R\u00b2": 0.5718972813760388,
    "Train R\u00b2": [
        0.6374470918059036,
        0.6578559236053764,
        0.6476524857552848,
        0.6415044438594759,
        0.6199349744976714
    ],
    "Test R\u00b2": [
        0.4757529590317928,
        0.605735742588755,
        0.5726372372893,
        0.5353488352597529,
        0.6700116327105932
    ],
    "Avg Train MAE": -0.4635719552219782,
    "Avg Test MAE": -0.5678102045414137,
    "Train MAE": [
        -0.4155646550734316,
        -0.46269101000722435,
        -0.4635048901466872,
        -0.4708940512752508,
        -0.5052051696072971
    ],
    "Test MAE": [
        -0.648201762868432,
        -0.486773883540131,
        -0.5073681497786575,
        -0.6618450252501931,
        -0.5348622012696551
    ]
}