Model,MAE,SMAPE,RMSE,R2
Naive,0.7618610885400653,19.759348792319273,1.037591259916752,0.14981568245216703
ExpSmooth,0.6763239803967783,16.88865133477391,0.8873108214397832,0.37825537958330113
ARIMA,0.6524020710201038,16.280770357589994,0.866023856329019,0.40772937766053763
