Model,MAE,SMAPE,RMSE,R2
LASSO,0.48476127189747276,10.147384170372229,0.6191626855323449,0.48508585094946743
RF,0.5263429626985355,10.982182421255128,0.66066795096091,0.4137379874415944
TPOT,0.502896391302735,10.450758091492485,0.6580730430288813,0.4183342701721079
