Model,MAE,SMAPE,RMSE,R2
LASSO,0.5087177219716801,12.307041381019374,0.6594093283079658,0.6372412172077522
RF,0.5431707401417294,12.974160714214056,0.7001885220816417,0.5909864108253793
TPOT,0.5261623739983133,12.698219281650866,0.6876682881476757,0.605482967814063
