Model,MAE,SMAPE,RMSE,R2
VAR,0.55776761649994,13.508730024005091,0.7475602460050615,0.5337700598952533
