Model,MAE,SMAPE,RMSE,R2
LASSO,94.54928767096042,47.440074766579116,143.2480048611135,0.45259925771105347
RF,99.74958652649057,50.169745830276455,154.32951854324992,0.3646307083661464
TPOT,86.67393222201977,42.89257464738513,129.6503153474344,0.5515899134244349
