Model,MAE,SMAPE,RMSE,R2
VAR,65.73011875863376,59.193280579486895,111.85547640376168,0.550367016624753
