Model,MAE,SMAPE,RMSE,R2
VAR,71.59445603506035,63.56284681495726,116.90448137026897,0.5571710725334609
