{
    "Avg Train MSE": -10404.865844076434,
    "Avg Test MSE": -14662.659717554803,
    "Train MSE": [
        -10623.081244119088,
        -8886.2518826523,
        -11062.333477733482,
        -10292.320170500374,
        -11160.342445376928
    ],
    "Test MSE": [
        -14135.786718678975,
        -16377.597961322312,
        -7157.100494435493,
        -15744.030191280757,
        -19898.783222056474
    ],
    "Avg Train R\u00b2": 0.5936356716826641,
    "Avg Test R\u00b2": 0.4772407245710317,
    "Train R\u00b2": [
        0.5744035353701359,
        0.6494698109288615,
        0.5829613787884591,
        0.5732513650720508,
        0.5880922682538132
    ],
    "Test R\u00b2": [
        0.44734685401519325,
        0.43144764040407624,
        0.5467545361417181,
        0.5961122708605107,
        0.3645423214336604
    ],
    "Avg Train MAE": -58.81096769715121,
    "Avg Test MAE": -65.74230891366702,
    "Train MAE": [
        -60.24192932940814,
        -57.013687102750055,
        -60.710931394508464,
        -56.98466254829416,
        -59.10362811079528
    ],
    "Test MAE": [
        -67.53591128058078,
        -69.56232095592371,
        -45.66567462679982,
        -72.11924284204662,
        -73.82839486298418
    ]
}