{
    "Avg Train MSE": -0.1894378967231805,
    "Avg Test MSE": -0.6149242506715608,
    "Train MSE": [
        -0.11319402835759916,
        -0.17181024990578242,
        -0.18438868141589557,
        -0.2095162755812682,
        -0.2682802483553572
    ],
    "Test MSE": [
        -0.8367821031706736,
        -0.42515723139900885,
        -0.49758759426404797,
        -0.80327542645037,
        -0.5118188980737034
    ],
    "Avg Train R\u00b2": 0.8222420603998574,
    "Avg Test R\u00b2": 0.5238852583508496,
    "Train R\u00b2": [
        0.856923418529643,
        0.8428972293415155,
        0.8279417482862771,
        0.8055638602383773,
        0.7778840456034742
    ],
    "Test R\u00b2": [
        0.37814778498553836,
        0.583886574120887,
        0.5135234434291769,
        0.5290331456348184,
        0.6148353435838272
    ],
    "Avg Train MAE": -0.3296777835032346,
    "Avg Test MAE": -0.5996994642909674,
    "Train MAE": [
        -0.26899690783638375,
        -0.3179021179676362,
        -0.33002141807121843,
        -0.347643445897351,
        -0.3838250277435838
    ],
    "Test MAE": [
        -0.7091664361218659,
        -0.49949967685451124,
        -0.5357929001569034,
        -0.6661178302897746,
        -0.5879204780317818
    ]
}