Model,MAE,SMAPE,RMSE,R2
Naive,93.0674486803519,64.15912763422132,159.05573637164827,0.18026715400816407
ExpSmooth,85.41431158997067,58.60767661476422,144.16928854735596,0.32652857349536846
ARIMA,89.07858495060913,66.36937274224958,141.68104229087035,0.3495751129105258
