Model,MAE,SMAPE,RMSE,R2
LASSO,68.55319850111005,51.022611625408814,123.34494247260851,0.5070346917168469
RF,71.49954749187683,51.98722297822354,129.5851038011552,0.4558936105418546
TPOT,65.04069260907163,49.23375454243056,110.50501616782547,0.6043258765842113
