Model,MAE,SMAPE,RMSE,R2
Naive,0.7300395285853039,17.42662563685003,0.9789544113550317,0.20047380291121242
ExpSmooth,0.6385520540139553,14.927613884134939,0.8174451268823545,0.44252553274074147
ARIMA,0.6424123364649525,15.052122466224754,0.8089540591920726,0.4540467194351121
