Model,MAE,SMAPE,RMSE,R2
LASSO,0.4511794112342844,9.683982435446866,0.5788594839587037,0.5868413968191367
RF,0.33388854165864473,7.2466704173522025,0.43260487373269085,0.7692438363978631
TPOT,0.4439572393327474,9.516041207530382,0.5822577174793001,0.5819762071850081
